A Beginner‚Äôs Guide to Machine Learning Algorithms (+Infographic) https://t.co/fV5JUQsK65 #machinelearning #data‚Ä¶ https://t.co/le4wBHnSKU,negative
I have accidentally put my earphones in the washing machine so many times I'm surprised they still worküòÇ,negative
RT @democracynow: Noam Chomsky on the 5 Filters of the Mass Media Machine https://t.co/XEtOthp1ju https://t.co/9jzynhr67L,negative
Fresh white goods concern after crews from three fire stations called to washing machine fire in Camberley home https://t.co/fDYMZG8GJi,negative
"Generate a #MarchMadness bracket based on what's important to you, including a Anti-Duke Bias:‚Ä¶ https://t.co/ptzTemxCVF",negative
"RT @ezralevant: I‚ÄôM SURE IT‚ÄôS NOTHING. ‚ÄúPolice reveal 10,000-weapon arsenal including howitzers and grenades intended for Europe‚Äù https://t‚Ä¶",negative
@BullVinnie bol bol.  Our heads can fit in washing machine. Sometimes we rescue things that were in it,negative
"@FlyMyGeekFlag @ladybarkbark @sezl Ha! Ha! That, my friends is a deus ex machine #learnedthattoday",negative
"RT @LCI: Perpignan : le beau-p√®re met le b√©b√© dans une machine √† laver pour ""lui faire faire des tours de man√®ge"" https://t.co/Lp1knHo8Tz h‚Ä¶",negative
"RT @wierdduk: Terrifying: Police pictures reveal 10,000 weapon arsenal intended for terrorists https://t.co/vWu9wR0rzy",positive
RT @jose_garde: Azure Machine Learning: simplified #predictiveanalytics https://t.co/tRJ0tOBmrL  #BigData #MachineLearning #DataScience #AI‚Ä¶,negative
"SPECIAL ANNOUNCEMENT! THIS SATURDAY, MARCH 18, 2017 ON THE TIME MACHINE...""A FUNKY SUMMIT - PART II""
Join me as I... https://t.co/r4Iio06EdK",negative
I added a video to a @YouTube playlist https://t.co/MsxSk4l9zx Reacting to: MASHUP/ DAGames-Fix Our Machine Or Get Out,negative
I put my dry clean only garment in the washing machine: Ask Me Anything,negative
@RTEsoccer Dunphy and the video analysis machine will be viral on YouTube tomorrow morning.,negative
